x,y_true,noise,y_observed,group,absolute_error,squared_error
0.0,35.0,0.9452669089676653,35.94526690896767,low,0.9452669089676675,0.8935295291892886
0.20202020202020202,35.484848484848484,-2.613742207403737,32.871106277444746,low,2.613742207403739,6.831648326763769
0.40404040404040403,35.96969696969697,-2.065317716959467,33.9043792527375,low,2.06531771695947,4.265537271986677
0.6060606060606061,36.45454545454545,-12.207336913199278,24.247208541346176,low,12.207336913199278,149.01907451235766
0.8080808080808081,36.93939393939394,8.99853691360451,45.93793085299845,low,8.99853691360451,80.973666585503
1.0101010101010102,37.42424242424242,5.720829360186144,43.145071784428566,low,5.720829360186144,32.72788856836781
1.2121212121212122,37.90909090909091,-1.627114184339122,36.281976724751786,low,1.6271141843391206,2.6475005688775615
1.4141414141414141,38.39393939393939,3.8690329336383074,42.2629723275777,low,3.8690329336383087,14.969415841577858
1.6161616161616161,38.878787878787875,1.4060533489882463,40.28484122777612,low,1.4060533489882445,1.976986020201058
1.8181818181818181,39.36363636363636,-2.769114182120262,36.5945221815161,low,2.769114182120262,7.6679933536195675
2.0202020202020203,39.84848484848485,4.887837255630179,60.980030644801,low,21.131545796316146,446.5422277418066
2.2222222222222223,40.333333333333336,-1.5527827332957629,38.78055060003757,low,1.5527827332957642,2.4111342168214644
2.4242424242424243,40.81818181818182,-1.6441195202898133,39.17406229789201,low,1.644119520289813,2.7031289969980046
2.6262626262626263,41.303030303030305,-3.9607337767944912,37.34229652623581,low,3.9607337767944912,15.687412050640754
2.8282828282828283,41.78787878787879,2.2747903562042775,44.06266914408307,low,2.274790356204278,5.174671164679986
3.0303030303030303,42.27272727272727,-0.49599025858693974,41.77673701414033,low,0.4959902585869429,0.24600633661314247
3.2323232323232323,42.75757575757576,2.7264435698234086,45.48401932739917,low,2.7264435698234095,7.433494539431417
3.4343434343434343,43.24242424242424,-3.0359284993531857,40.20649574307106,low,3.035928499353183,9.21686185318487
3.6363636363636362,43.72727272727273,0.6341392355593494,44.36141196283208,low,0.6341392355593527,0.4021325700758002
3.8383838383838382,44.21212121212121,-4.461370217148952,39.75075099497226,low,4.4613702171489535,19.9038242144637
4.040404040404041,44.696969696969695,4.207324861850715,48.90429455882041,low,4.207324861850715,17.70158249314714
4.242424242424242,45.18181818181818,0.9401754349034298,46.12199361672161,low,0.9401754349034306,0.8839298483958549
4.444444444444445,45.666666666666664,1.6528550406766307,47.3195217073433,low,1.6528550406766342,2.7319297854901583
4.646464646464646,46.15151515151515,2.0525195648513144,48.204034716366465,low,2.052519564851316,4.212836564097437
4.848484848484849,46.63636363636364,-5.053787500766672,41.582576135596966,low,5.053787500766674,25.540768102905467
5.05050505050505,47.12121212121212,3.9159049807203865,60.980030644801,low,13.85881852358888,192.06685086977026
5.252525252525253,47.60606060606061,10.283514091711844,57.88957469777245,low,10.283514091711844,105.75066207443606
5.454545454545454,48.09090909090909,-8.192212516177626,39.89869657473147,low,8.192212516177626,67.11234591021736
5.656565656565657,48.57575757575758,-8.647057335772407,39.92870023998517,low,8.64705733577241,74.77160056813544
5.858585858585858,49.06060606060606,-7.5241570693216,41.53644899128446,low,7.524157069321603,56.612939603822255
6.0606060606060606,49.54545454545455,4.207294467269999,53.75274901272454,low,4.207294467269996,17.70132673432072
6.262626262626262,50.03030303030303,0.6435782873703423,50.67388131767337,low,0.6435782873703388,0.41419301197453845
6.4646464646464645,50.515151515151516,5.391712203696491,55.90686371884801,low,5.391712203696493,29.07056048748969
6.666666666666667,51.0,3.6121543615374954,54.61215436153749,low,3.612154361537492,13.047659131574324
6.8686868686868685,51.484848484848484,1.0528590618764029,52.53770754672489,medium,1.0528590618764042,1.108512204175262
7.070707070707071,51.96969696969697,1.4201907262518543,53.38988769594882,medium,1.4201907262518532,2.0169416989317663
7.2727272727272725,52.45454545454545,-0.8488024886156771,51.60574296592978,medium,0.8488024886156751,0.7204656646801633
7.474747474747475,52.93939393939394,4.342301056057551,57.28169499545149,medium,4.342301056057551,18.85557846143852
7.6767676767676765,53.42424242424242,-5.648579808903774,47.775662615338646,medium,5.648579808903776,31.906453857555416
7.878787878787879,53.90909090909091,-2.109294130891581,51.79979677819932,medium,2.109294130891584,4.449121730613683
8.080808080808081,54.39393939393939,1.214694265493676,55.60863365943307,medium,1.2146942654936765,1.4754821586232223
8.282828282828282,54.878787878787875,9.007104292246664,63.88589217103454,medium,9.007104292246666,81.12792773140832
8.484848484848484,55.36363636363636,-3.8223205786019965,51.541315785034364,medium,3.822320578601996,14.610134605604298
8.686868686868687,55.848484848484844,-5.395302295684711,50.45318255280013,medium,5.395302295684715,29.109286861820756
8.88888888888889,56.33333333333333,-2.8164359925201894,53.51689734081314,medium,2.8164359925201907,7.932311699963192
9.09090909090909,56.81818181818181,4.846361005690814,61.66454282387263,medium,4.846361005690817,23.487214997480503
9.292929292929292,57.3030303030303,-1.175027534459129,56.12800276857117,medium,1.1750275344591259,1.3806897067370922
9.494949494949495,57.78787878787878,6.621735096184786,64.40961388406356,medium,6.6217350961847785,43.84737568404524
9.696969696969697,58.27272727272727,-9.36264758803012,48.91007968469715,medium,9.362647588030121,87.65916985764625
9.8989898989899,58.75757575757576,5.64261570950239,64.40019146707814,medium,5.642615709502387,31.839112045123123
10.1010101010101,59.242424242424235,5.1743311996476935,60.980030644801,medium,1.7376064023767626,3.019276009580716
10.303030303030303,59.72727272727273,-7.093328449007425,52.633944278265304,medium,7.093328449007423,50.31530848549805
10.505050505050505,60.21212121212121,0.7679094326797887,60.980030644801,medium,0.7679094326797866,0.5896848967985917
10.707070707070708,60.6969696969697,6.078788175972681,66.77575787294238,medium,6.078788175972676,36.95166568834521
10.909090909090908,61.18181818181818,0.43959521154761194,61.62141339336579,medium,0.43959521154761205,0.1932439500155898
11.11111111111111,61.666666666666664,4.9985071107589,66.66517377742557,medium,4.998507110758901,24.985073336307295
11.313131313131313,62.151515151515156,11.87443456658572,74.02594971810088,medium,11.87443456658572,141.00219627612577
11.515151515151516,62.63636363636364,1.3696612729616495,64.00602490932529,medium,1.3696612729616504,1.8759720026509286
11.717171717171716,63.12121212121212,-1.4019115697146893,61.719300551497426,medium,1.4019115697146916,1.9653560492999105
11.919191919191919,63.60606060606061,-3.8552607990976533,59.75079980696296,medium,3.8552607990976497,14.863035829059049
12.121212121212121,64.0909090909091,3.240323007722426,67.33123209863152,medium,3.2403230077224237,10.499693194375293
12.323232323232324,64.57575757575758,-0.9836503317886186,63.59210724396896,medium,0.9836503317886169,0.9675679752278562
12.525252525252524,65.06060606060606,-0.8937318539703392,64.16687420663573,medium,0.8937318539703369,0.7987566268012557
12.727272727272727,65.54545454545455,-0.5262988920751595,65.01915565337939,medium,0.526298892075161,0.276990523799542
12.929292929292929,66.03030303030303,3.2493482629274695,69.2796512932305,medium,3.2493482629274695,10.558264133789763
13.131313131313131,66.51515151515152,-5.331698060824563,61.18345345432695,medium,5.331698060824564,28.42700421180042
13.333333333333334,67.0,-7.649382453352782,59.350617546647214,medium,7.649382453352786,58.513051917661485
13.535353535353535,67.48484848484848,-12.169383485744694,55.31546499910379,high,12.169383485744696,148.09389442311573
13.737373737373737,67.96969696969697,5.993354496950392,73.96305146664736,high,5.9933544969503885,35.92029812611544
13.93939393939394,68.45454545454545,0.36896679791633136,68.82351225246178,high,0.3689667979163289,0.1361364979646291
14.141414141414142,68.93939393939394,7.550597065611729,76.48999100500566,high,7.550597065611726,57.011516047224404
14.343434343434343,69.42424242424242,-0.044781490551994804,69.37946093369042,high,0.04478149055199765,0.002005381896058655
14.545454545454545,69.9090909090909,-3.7107772759958864,66.19831363309503,high,3.7107772759958806,13.769867992047407
14.747474747474747,70.39393939393939,2.38964649399828,72.78358588793768,high,2.389646493998285,5.710410366278295
14.94949494949495,70.87878787878788,-0.3829420646859828,70.4958458141019,high,0.38294206468597736,0.14664462490595925
15.15151515151515,71.36363636363636,-6.270933309868154,65.0927030537682,high,6.2709333098681554,39.32460457681398
15.353535353535353,71.84848484848484,-4.42533290725386,67.42315194123098,high,4.4253329072538605,19.583571340023905
15.555555555555555,72.33333333333333,8.83389658742294,81.16722992075627,high,8.833896587422942,78.03772891728269
15.757575757575758,72.81818181818181,1.7717529766176279,74.58993479479945,high,1.771752976617634,3.1391086101534467
15.959595959595958,73.3030303030303,2.081932675150889,75.38496297818119,high,2.0819326751508953,4.334443663860964
16.161616161616163,73.78787878787878,-1.3827585916050578,72.40512019627373,high,1.3827585916050538,1.912021322657592
16.363636363636363,74.27272727272728,-3.4485978188304593,70.82412945389682,high,3.4485978188304642,11.892826916042235
16.565656565656564,74.75757575757575,4.458279077854671,79.21585483543042,high,4.4582790778546695,19.876252336036682
16.767676767676768,75.24242424242425,-0.5231322633684584,74.7192919790558,high,0.5231322633684528,0.2736673649770002
16.96969696969697,75.72727272727272,-3.795540558739651,71.93173216853307,high,3.7955405587396456,14.406128133037662
17.171717171717173,76.21212121212122,-0.6706425967477393,75.54147861537348,high,0.6706425967477401,0.4497614925725519
17.373737373737374,76.69696969696969,-4.528030083611757,72.16893961335794,high,4.528030083611753,20.50305643809306
17.575757575757574,77.18181818181819,0.9502291929555596,78.13204737477375,high,0.9502291929555611,0.9029355191449769
17.77777777777778,77.66666666666666,5.6461381503452,83.31280481701185,high,5.646138150345195,31.878876012783454
17.97979797979798,78.15151515151516,-4.180425830716232,73.97108932079892,high,4.180425830716231,17.475960126119492
18.18181818181818,78.63636363636363,7.1427200258539205,85.77908366221754,high,7.142720025853919,51.018449367734604
18.383838383838384,79.12121212121212,-3.3380997433072865,75.78311237790484,high,3.338099743307282,11.142909896268142
18.585858585858585,79.6060606060606,0.7670608136196992,80.37312141968029,high,0.7670608136196932,0.5883822917909057
18.78787878787879,80.0909090909091,-4.1819326265209416,75.90897646438815,high,4.181932626520947,17.488560492760385
18.98989898989899,80.57575757575756,-1.1111758317716753,79.46458174398589,high,1.111175831771675,1.2347117291134735
19.19191919191919,81.06060606060606,0.23702206247063112,81.29762812307669,high,0.23702206247062918,0.05617945809783084
19.393939393939394,81.54545454545455,-2.1734247308671355,79.3720298145874,high,2.17342473086714,4.7237750607449
19.595959595959595,82.03030303030303,-3.514439477862526,78.5158635524405,high,3.514439477862524,12.351284843558611
19.7979797979798,82.51515151515152,-3.389430953318306,79.1257205618332,high,3.3894309533183105,11.48824218731227
20.0,83.0,-4.1057997462542986,78.89420025374571,high,4.1057997462542914,16.857591556341806
